id,name,unit_measure,periodicity,type,subtype,description
%_poblacion_con_servicio_aguas_residuales,Porcentaje de la población de la ciudad con servicio de recogida de aguas residuales,%,yearly,indicador,depuracion,El porcentaje de la población de la ciudad con servicio de recogida de aguas residuales se debe calcular como el número de personas de la ciudad que cuenta con un servicio de recogida de aguas residuales (numerador) dividido por la población de la ciudad (denominador).
%_aguas_residuales_sin_tratamiento,Porcentaje de aguas residuales de la ciudad que no ha recibido tratamiento,%,yearly,indicador,depuracion,El porcentaje de aguas residuales de la ciudad que no ha recibido tratamiento se debe calcular como la cantidad total de aguas residuales de la ciudad que no se ha sometido a ningún tratamiento (numerador) dividida por la cantidad total de aguas residuales producidas en la ciudad y recogidas (denominador).
%_aguas_residuales_tratamiento_primario,Porcentaje de aguas residuales de la ciudad que recibe tratamiento primario,%,yearly,indicador,depuracion,El porcentaje de aguas residuales de la ciudad que recibe tratamiento primario se debe calcular como la cantidad total de aguas residuales de la ciudad que se ha sometido a un tratamiento primario (numerador) dividida por la cantidad total de aguas residuales producidas en la ciudad y recogidas (denominador).
%_aguas_residuales_tratamiento_secundario,Porcentaje de aguas residuales de la ciudad que recibe tratamiento secundario,%,yearly,indicador,depuracion,El porcentaje de aguas residuales de la ciudad que recibe tratamiento secundario se debe calcular como la cantidad total de aguas residuales de la ciudad que se ha sometido a un tratamiento secundario (numerador) dividida por la cantidad total de aguas residuales producidas en la ciudad y recogidas (denominador).
%_aguas_residuales_tratamiento_terciario,Porcentaje de aguas residuales de la ciudad que recibe tratamiento terciario,%,yearly,indicador,depuracion,El porcentaje de aguas residuales de la ciudad que recibe tratamiento terciario se debe calcular como la cantidad total de aguas residuales de la ciudad que se ha sometido a un tratamiento terciario (numerador) dividida por la cantidad total de aguas residuales producidas en la ciudad y recogidas (denominador).
reutilizacion_aguas_tratadas,Reutilización de aguas residuales tratadas,m3,monthly,indicador,depuracion,% Reutilización de aguas residuales tratadas
arenas,Arenas,tm,monthly,indicador,depuracion,Producción de arenas que llegan a las EDARs
grasas,Grasas,kg,monthly,indicador,depuracion,Producción de grasas en pretratamiento que llegan a las EDARs
fangos_deshidratados,Fangos deshidratados,m3,monthly,indicador,depuracion,Producción de fangos deshiddratados producidos por las EDARs
poli,Poli,kg,monthly,indicador,depuracion,Consumo de reactivo químicoo para acondicionamiento del fango deshidratado
rsu,Producción RSU m3,m3,monthly,indicador,depuracion,Producción RSU m3
extraccion_lodos_abono,Extracción de lodos para abono,tn/año,yearly,indicador,depuracion,Toneladas anuales de lodos extraidos de las aguas residuales convertidos en abono agrícola.
efienergetica,Consumo energético anual,kW/año,yearly,indicador,depuracion,Consumo energético anual
efienergeticam3,Consumo energético por m3 depurado,kW/m3,yearly,indicador,depuracion,Consumo energético por m3 depurado
res_papel_carton_habitante,Residuos recogidos papel cartón por habitante,Kg/hab,daily,indicador,datos_rsu,Residuos recogidos papel cartón por habitante (daily / monthly)
res_envases_ligeros_habitante,"Residuos recogidos, envases ligeros por habitante",Kg/hab,daily,indicador,datos_rsu,"Residuos recogidos, envases ligeros por habitante (daily / monthly)"
res_fraccion_resto_habitante,"Residuos recogidos, fracción resto por habitante",Kg/hab,daily,indicador,datos_rsu,"Residuos recogidos, fracción resto por habitante (daily / monthly)"
coste_papel_carton,"Coste tratamiento + vertido + servicio, papel cartón",€,yearly,indicador,gestion_rutas,"Coste tratamiento + vertido + servicio, papel cartón"
coste_envases,"Coste tratamiento + vertido + servicio, envases",€,yearly,indicador,gestion_rutas,"Coste tratamiento + vertido + servicio, envases"
coste_fracción_resto,"Coste tratamiento + vertido + servicio, fracción resto",€,yearly,indicador,gestion_rutas,"Coste tratamiento + vertido + servicio, fracción resto"
frecuencia_recogida_residuos,"Frecuencia anual recogida de residuos, días",días,yearly,indicador,gestion_rutas,"Frecuencia anual recogida de residuos, días"
campaña_sensibilizacion_ruta_año,Campañas de sensibilización por ruta al año,unidades,yearly,indicador,gestion_rutas,Campañas de sensibilización por ruta al año
%_poblacion_con_servicio_regular_recogida,Porcentaje de población de la ciudad con servicio regular de recogida de residuos sólidos (residencial),%,yearly,indicador,gestion_rutas,El porcentaje de población urbana con servicio regular de recogida de residuos sólidos se debe calcular como el número de personas dentro de la ciudad que cuentan con servicio de recogida de residuos sólidos (numerador) dividido por la población total de la ciudad (denominador).
total_residuos_solidos_per_capita,Total de residuos sólidos municipales recogidos per cápita,toneladas,yearly,indicador,gestion_rutas,El total de residuos sólidos municipales recogidos per cápita se debe expresar como el total de residuos sólidos municipales producido en el municipio por persona. Este indicador se debe calcular como la cantidad total de residuos sólidos (domésticos y comerciales) generados en toneladas (numerador) dividida por la población total de la ciudad (denominador). El resultado se debe expresar como el total de residuos sólidos municipales recogido per cápita en toneladas.
%_residuos_solidos_reciclados,Porcentaje de residuos sólidos de la ciudad que se reciclan,%,yearly,indicador,gestion_rutas,El porcentaje de residuos sólidos urbanos que se reciclan se debe calcular como la cantidad total de residuos sólidos de la ciudad que se reciclan en toneladas (numerador) dividida por la cantidad total de residuos sólidos producidos en la ciudad en toneladas (denominador).
coste_combustible_ruta,Coste / Combustible por ruta,€/ruta o %,yearly,indicador,gestion_rutas,Coste del combustible de los vehículos por ruta
num_impropios,Nº de Impropios,%,monthly,indicador,gestion_rutas,Impropios de envases ligeros
reclamaciones,Reclamaciones,unidades,yearly,indicador,agua_potable,Conocer el grado de satisfacción del cliente/abonado.
fraudes_particulares,Fraudes de particulares,unidades,yearly,indicador,agua_potable,Determinar la cantidad de conexiones no reguladas.
averias_conducciones,Averías en conducciones,unidades,yearly,indicador,agua_potable,Determinar el grado de deterioro de las tuberías de la red de distribución.
incumplimiento_nivel_gestion,Incumplimientos del nivel de gestión,unidades,yearly,indicador,agua_potable,Identificar el nivel de gestión de la calidad del agua. (RD 140/2003)(RD 1/2.001 TRLA)
ingresos_servicio,Ingresos del servicio,€,yearly,indicador,agua_potable,Ingresos obtenidos a través del servicio por habitante
abonados_por_municipio,Abonados por municipio,unidades,yearly,indicador,agua_potable,Número de abonados por municipio
coste_servicio_habitante,Costes del servicio por habitante,€/hab,yearly,indicador,agua_potable,Costes generados por el servicio por habitante
balance_economico_habitante,Balance económico por habitante,€/hab,yearly,indicador,agua_potable,Beneficio obtenido (costes-ingresos)
volumen_registrado_municipio,Volumen registrado por municipio (facturado y municipal),m3,yearly,indicador,agua_potable,Medición del volumen registrado mediante contadores
volumen_no_registrado,Volumen no registrado (distribuido - registrado),m3,yearly,indicador,agua_potable,Estimación del volumen no registrado mediante contadores
%_poblacion_suministro_agua,Porcentaje de población de la ciudad con servicio de suministro de agua potable,%,yearly,indicador,agua_potable,El porcentaje de población urbana con servicio de suministro de agua potable se debe calcular como el número total de personas con servicio de suministro de agua potable (numerador) dividido por la población total de la ciudad (denominador). El número total de personas con servicio de abastecimiento de agua potable se debe calcular como el número total de hogares de la ciudad conectados a un servicio de suministro de agua potable dividido por el tamaño del hogar medio actual para la ciudad.
%_poblacion_acceso_agua_mejorada,Porcentaje de población de la ciudad con acceso sostenible a una fuente de agua mejorada,%,yearly,indicador,agua_potable,"El porcentaje de población urbana con acceso sostenible a fuentes de agua mejoradas se debe calcular como la población total con acceso a una fuente de agua mejorada (numerador) dividida por la población total de la ciudad (denominador). Una fuente de agua mejorada se debe referir al agua corriente, fuente pública, pozo o bomba, pozo protegido, manantial protegido o agua de lluvia."
consumo_domestico_agua_per_capita,Consumo doméstico total de agua per cápita (litros/día),litros/día,yearly,indicador,agua_potable,El consumo doméstico total de agua per cápita se debe calcular como el consumo total de agua de la ciudad en litros por día para uso doméstico (numerador) dividido por la población total de la ciudad (denominador). Solo se debe tener en cuenta el agua consumida para uso doméstico
media_horas_interrupcion_agua_hogar,Media anual de horas de interrupción del servicio de agua por hogar,horas,yearly,indicador,agua_potable,"La media anual de horas de interrupción del servicio de aguas por hogar se debe calcular como la cantidad total de horas de interrupción multiplicada por el número de hogares afectados (numerador) dividido por el número de hogares (denominador). Los incidentes de corte completo, restricción por un flujo menor, aguas potables, aguas residuales y las interrupciones planificadas y sin planificar se deben contar indistintamente"
%_perdida_agua,Porcentaje de pérdida de agua (agua no contabilizada),%,yearly,indicador,agua_potable,El porcentaje de pérdida de agua (agua no contabilizada) se debe calcular como el volumen de agua abastecida menos el volumen de agua utilizada (numerador) dividido por el volumen total de agua abastecida (denominador).
viviendas_conectadas,Viviendas conectadas,unidades,yearly,indicador,agua_potable,Porcentaje de viviendas conectadas
supervision_suministro_agua_tic,Supervisión del suministro de agua por TIC,unidades,yearly,indicador,agua_potable,Longitud (km) de sistema monitorizado por TIC (telecontadores inteligentes) / Longitud total (km)
gasto_energ_potable,Gasto energético,kW,yearly,indicador,agua_potable,Consumo energético de las instalaciones
volumen_total_suministrado,Volumen total suministrado,m³/año,yearly,indicador,agua_potable,Medición del volumen distribuido mediante contadores
FR_N_01,FR_N_01,kg,daily,rsu,,ruta de recogida
FR_N_02,FR_N_02,kg,daily,rsu,,ruta de recogida
FR_N_03,FR_N_03,kg,daily,rsu,,ruta de recogida
FR_N_04,FR_N_04,kg,daily,rsu,,ruta de recogida
FR_N_05,FR_N_05,kg,daily,rsu,,ruta de recogida
FR_N_06,FR_N_06,kg,daily,rsu,,ruta de recogida
FR_N_07,FR_N_07,kg,daily,rsu,,ruta de recogida
FR_N_08,FR_N_08,kg,daily,rsu,,ruta de recogida
FR_N_09,FR_N_09,kg,daily,rsu,,ruta de recogida
FR_N_10,FR_N_10,kg,daily,rsu,,ruta de recogida
FR_N_11,FR_N_11,kg,daily,rsu,,ruta de recogida
FR_N_12,FR_N_12,kg,daily,rsu,,ruta de recogida
FR_N_13,FR_N_13,kg,daily,rsu,,ruta de recogida
FR_N_14,FR_N_14,kg,daily,rsu,,ruta de recogida
FR_N_15,FR_N_15,kg,daily,rsu,,ruta de recogida
FR_N_16,FR_N_16,kg,daily,rsu,,ruta de recogida
FR_N_17,FR_N_17,kg,daily,rsu,,ruta de recogida
FR_N_18,FR_N_18,kg,daily,rsu,,ruta de recogida
FR_N_19,FR_N_19,kg,daily,rsu,,ruta de recogida
FR_N_20,FR_N_20,kg,daily,rsu,,ruta de recogida
FR_S_01,FR_S_01,kg,daily,rsu,,ruta de recogida
FR_S_02,FR_S_02,kg,daily,rsu,,ruta de recogida
FR_S_03,FR_S_03,kg,daily,rsu,,ruta de recogida
FR_S_04,FR_S_04,kg,daily,rsu,,ruta de recogida
FR_S_05,FR_S_05,kg,daily,rsu,,ruta de recogida
FR_S_06,FR_S_06,kg,daily,rsu,,ruta de recogida
FR_S_07,FR_S_07,kg,daily,rsu,,ruta de recogida
FR_S_08,FR_S_08,kg,daily,rsu,,ruta de recogida
FR_S_09,FR_S_09,kg,daily,rsu,,ruta de recogida
FR_S_10,FR_S_10,kg,daily,rsu,,ruta de recogida
FR_S_11,FR_S_11,kg,daily,rsu,,ruta de recogida
FR_S_12,FR_S_12,kg,daily,rsu,,ruta de recogida
FR_S_13,FR_S_13,kg,daily,rsu,,ruta de recogida
FR_S_14,FR_S_14,kg,daily,rsu,,ruta de recogida
FR_S_15,FR_S_15,kg,daily,rsu,,ruta de recogida
FR_S_16,FR_S_16,kg,daily,rsu,,ruta de recogida
FR_S_17,FR_S_17,kg,daily,rsu,,ruta de recogida
FR_S_18,FR_S_18,kg,daily,rsu,,ruta de recogida
FR_S_19,FR_S_19,kg,daily,rsu,,ruta de recogida
FR_S_20,FR_S_20,kg,daily,rsu,,ruta de recogida
FR_S_21,FR_S_21,kg,daily,rsu,,ruta de recogida
FR_S_22,FR_S_22,kg,daily,rsu,,ruta de recogida
FR_C_01,FR_C_01,kg,daily,rsu,,ruta de recogida
FR_C_02,FR_C_02,kg,daily,rsu,,ruta de recogida
FR_C_03,FR_C_03,kg,daily,rsu,,ruta de recogida
FR_C_04,FR_C_04,kg,daily,rsu,,ruta de recogida
FR_C_05,FR_C_05,kg,daily,rsu,,ruta de recogida
FE_N_01,FE_N_01,kg,daily,rsu,,ruta de recogida
FE_N_02,FE_N_02,kg,daily,rsu,,ruta de recogida
FE_N_03,FE_N_03,kg,daily,rsu,,ruta de recogida
FE_N_04,FE_N_04,kg,daily,rsu,,ruta de recogida
FE_N_05,FE_N_05,kg,daily,rsu,,ruta de recogida
FE_N_06,FE_N_06,kg,daily,rsu,,ruta de recogida
FE_N_07,FE_N_07,kg,daily,rsu,,ruta de recogida
FE_N_08,FE_N_08,kg,daily,rsu,,ruta de recogida
FE_N_09,FE_N_09,kg,daily,rsu,,ruta de recogida
FE_N_10,FE_N_10,kg,daily,rsu,,ruta de recogida
FE_N_11,FE_N_11,kg,daily,rsu,,ruta de recogida
FE_N_12,FE_N_12,kg,daily,rsu,,ruta de recogida
FE_S_01,FE_S_01,kg,daily,rsu,,ruta de recogida
FE_S_02,FE_S_02,kg,daily,rsu,,ruta de recogida
FE_S_03,FE_S_03,kg,daily,rsu,,ruta de recogida
FE_S_04,FE_S_04,kg,daily,rsu,,ruta de recogida
FE_S_05,FE_S_05,kg,daily,rsu,,ruta de recogida
FE_S_06,FE_S_06,kg,daily,rsu,,ruta de recogida
FE_S_07,FE_S_07,kg,daily,rsu,,ruta de recogida
FE_S_08,FE_S_08,kg,daily,rsu,,ruta de recogida
FE_S_09,FE_S_09,kg,daily,rsu,,ruta de recogida
FE_S_10,FE_S_10,kg,daily,rsu,,ruta de recogida
FE_S_11,FE_S_11,kg,daily,rsu,,ruta de recogida
FE_S_12,FE_S_12,kg,daily,rsu,,ruta de recogida
FE_S_13,FE_S_13,kg,daily,rsu,,ruta de recogida
FE_S_14,FE_S_14,kg,daily,rsu,,ruta de recogida
FE_C_01,FE_C_01,kg,daily,rsu,,ruta de recogida
FE_C_02,FE_C_02,kg,daily,rsu,,ruta de recogida
FE_C_03,FE_C_03,kg,daily,rsu,,ruta de recogida
FE_C_04,FE_C_04,kg,daily,rsu,,ruta de recogida
FE_C_05,FE_C_05,kg,daily,rsu,,ruta de recogida
FP_N_01,FP_N_01,kg,daily,rsu,,ruta de recogida
FP_N_02,FP_N_02,kg,daily,rsu,,ruta de recogida
FP_N_03,FP_N_03,kg,daily,rsu,,ruta de recogida
FP_N_04,FP_N_04,kg,daily,rsu,,ruta de recogida
FP_N_05,FP_N_05,kg,daily,rsu,,ruta de recogida
FP_N_06,FP_N_06,kg,daily,rsu,,ruta de recogida
FP_N_07,FP_N_07,kg,daily,rsu,,ruta de recogida
FP_N_08,FP_N_08,kg,daily,rsu,,ruta de recogida
FP_N_09,FP_N_09,kg,daily,rsu,,ruta de recogida
FP_N_10,FP_N_10,kg,daily,rsu,,ruta de recogida
FP_N_11,FP_N_11,kg,daily,rsu,,ruta de recogida
FP_N_12,FP_N_12,kg,daily,rsu,,ruta de recogida
FP_S_01,FP_S_01,kg,daily,rsu,,ruta de recogida
FP_S_02,FP_S_02,kg,daily,rsu,,ruta de recogida
FP_S_03,FP_S_03,kg,daily,rsu,,ruta de recogida
FP_S_04,FP_S_04,kg,daily,rsu,,ruta de recogida
FP_S_05,FP_S_05,kg,daily,rsu,,ruta de recogida
FP_S_06,FP_S_06,kg,daily,rsu,,ruta de recogida
FP_S_07,FP_S_07,kg,daily,rsu,,ruta de recogida
FP_S_08,FP_S_08,kg,daily,rsu,,ruta de recogida
FP_S_09,FP_S_09,kg,daily,rsu,,ruta de recogida
FP_S_10,FP_S_10,kg,daily,rsu,,ruta de recogida
FP_S_11,FP_S_11,kg,daily,rsu,,ruta de recogida
FP_S_12,FP_S_12,kg,daily,rsu,,ruta de recogida
FP_S_13,FP_S_13,kg,daily,rsu,,ruta de recogida
FP_S_14,FP_S_14,kg,daily,rsu,,ruta de recogida
FP_S_15,FP_S_15,kg,daily,rsu,,ruta de recogida
FP_S_16,FP_S_16,kg,daily,rsu,,ruta de recogida
FP_C_01,FP_C_01,kg,daily,rsu,,ruta de recogida
FP_C_02,FP_C_02,kg,daily,rsu,,ruta de recogida
FP_C_03,FP_C_03,kg,daily,rsu,,ruta de recogida
FP_C_04,FP_C_04,kg,daily,rsu,,ruta de recogida
FP_C_05,FP_C_05,kg,daily,rsu,,ruta de recogida