ine;kpi_id;fecha;valor;;;;;;
005;%_poblacion_con_servicio_aguas_residuales;18/03/2019;100;;;;;;
005;%_aguas_residuales_sin_tratamiento;18/03/2019;0;;;;;;
005;%_aguas_residuales_tratamiento_primario;18/03/2019;90;;;;;;
005;%_aguas_residuales_tratamiento_secundario;18/03/2019;10;;;;;;
005;%_aguas_residuales_tratamiento_terciario;18/03/2019;0;;;;;;
005;reutilizacion_aguas_tratadas;18/03/2019;1200;;;;;;
005;arenas;18/03/2019;5000;;;;;;
005;grasas;18/03/2019;2580;;;;;;
005;fangos_deshidratados;18/03/2019;3500;;;;;;
005;poli;18/03/2019;4000;;;;;;