ine,name
001,Acedera
002,Aceuchal
003,Ahillones
004,Alange
005,"Albuera, La"
006,Alburquerque
007,Alconchel
008,Alconera
009,Aljucén
010,Almendral
011,Almendralejo
012,Arroyo de San Serván
013,Atalaya
014,Azuaga
015,Badajoz
016,Barcarrota
017,Baterno
018,Benquerencia de la Serena
019,Berlanga
020,Bienvenida
021,Bodonal de la Sierra
022,Burguillos del Cerro
023,Cabeza del Buey
024,Cabeza la Vaca
025,Calamonte
026,Calera de León
027,Calzadilla de los Barros
028,Campanario
029,Campillo de Llerena
030,Capilla
031,Carmonita
032,"Carrascalejo, El"
033,Casas de Don Pedro
034,Casas de Reina
035,Castilblanco
036,Castuera
042,Cheles
037,"Codosera, La"
038,Cordobilla de Lácara
039,"Coronada, La"
040,Corte de Peleas
041,Cristina
043,Don Álvaro
044,Don Benito
045,Entrín Bajo
046,Esparragalejo
047,Esparragosa de la Serena
048,Esparragosa de Lares
049,Feria
050,Fregenal de la Sierra
051,Fuenlabrada de los Montes
052,Fuente de Cantos
053,Fuente del Arco
054,Fuente del Maestre
055,Fuentes de León
056,Garbayuela
057,Garlitos
058,"Garrovilla, La"
059,Granja de Torrehermosa
903,Guadiana del Caudillo
060,Guareña
061,"Haba, La"
062,Helechosa de los Montes
063,Herrera del Duque
064,Higuera de la Serena
065,Higuera de Llerena
066,Higuera de Vargas
067,Higuera la Real
068,Hinojosa del Valle
069,Hornachos
070,Jerez de los Caballeros
071,"Lapa, La"
073,Llera
074,Llerena
072,Lobón
075,Magacela
076,Maguilla
077,Malcocinado
078,Malpartida de la Serena
079,Manchita
080,Medellín
081,Medina de las Torres
082,Mengabril
083,Mérida
084,Mirandilla
085,Monesterio
086,Montemolín
087,Monterrubio de la Serena
088,Montijo
089,"Morera, La"
090,"Nava de Santiago, La"
091,Navalvillar de Pela
092,Nogales
093,Oliva de la Frontera
094,Oliva de Mérida
095,Olivenza
096,Orellana de la Sierra
097,Orellana la Vieja
098,Palomas
099,"Parra, La"
100,Peñalsordo
101,Peraleda del Zaucejo
102,Puebla de Alcocer
103,Puebla de la Calzada
104,Puebla de la Reina
107,Puebla de Obando
108,Puebla de Sancho Pérez
105,Puebla del Maestre
106,Puebla del Prior
902,Pueblonuevo del Guadiana
109,Quintana de la Serena
110,Reina
111,Rena
112,Retamal de Llerena
113,Ribera del Fresno
114,Risco
115,"Roca de la Sierra, La"
116,Salvaleón
117,Salvatierra de los Barros
119,San Pedro de Mérida
123,San Vicente de Alcántara
118,Sancti-Spíritus
120,Santa Amalia
121,Santa Marta
122,"Santos de Maimona, Los"
124,Segura de León
125,Siruela
126,Solana de los Barros
127,Talarrubias
128,Talavera la Real
129,Táliga
130,Tamurejo
131,Torre de Miguel Sesmero
132,Torremayor
133,Torremejía
134,Trasierra
135,Trujillanos
136,Usagre
137,Valdecaballeros
901,Valdelacalzada
138,Valdetorres
139,Valencia de las Torres
140,Valencia del Mombuey
141,Valencia del Ventoso
146,Valle de la Serena
147,Valle de Matamoros
148,Valle de Santa Ana
142,Valverde de Burguillos
143,Valverde de Leganés
144,Valverde de Llerena
145,Valverde de Mérida
149,Villafranca de los Barros
150,Villagarcía de la Torre
151,Villagonzalo
152,Villalba de los Barros
153,Villanueva de la Serena
154,Villanueva del Fresno
156,Villar de Rena
155,Villar del Rey
157,Villarta de los Montes
158,Zafra
159,Zahínos
160,Zalamea de la Serena
162,"Zarza, La"
161,Zarza-Capilla